"name","price_rub"
"РАДИАТОР ARBONIA","7860"
"РАДИАТОР ARBONIA 2057","13660"
"РАДИАТОР ARBONIA 2150","15020"
"РАДИАТОР ARBONIA 2180","16460"
"РАДИАТОР ARBONIA 3030","8040"
"РАДИАТОР ARBONIA 3057","15050"
"РАДИАТОР ARBONIA 3180","24550"
"РАДИАТОР GUARDO PILON","8160"
"РАДИАТОР GUARDO RETTA 3P","5560"
"РАДИАТОР GUARDO RETTA 4P","7050"
"РАДИАТОР GUARDO RETTA 6P","7410"
"РАДИАТОР GUARDO RETTA 6SP","7780"
"РАДИАТОР GUARDO TORRE 3D","9130"
"РАДИАТОР GUARDO TORRE 4D","10090"
"РАДИАТОР GUARDO TORRE 6D","12460"
"РАДИАТОР IRSAP TESI","9290"
"РАДИАТОР IRSAP TESI RR20565","15180"
"РАДИАТОР IRSAP TESI RR21500","19350"
"РАДИАТОР IRSAP TESI RR21800","20490"
"РАДИАТОР IRSAP TESI RR30300","9350"
"РАДИАТОР IRSAP TESI RR30565","17400"
"РАДИАТОР IRSAP TESI RR31800","30080"
"РАДИАТОР NOVA SILUET","5560"
"РАДИАТОР NOVA SILUET NS-T2 1500","12760"
"РАДИАТОР NOVA SILUET NS-T2 1800","13740"
"РАДИАТОР NOVA SILUET NS-T2 570","6350"
"РАДИАТОР NOVA SILUET NS-T3 1800","16740"
"РАДИАТОР NOVA SILUET NS-T3 300","5020"
"РАДИАТОР NOVA SILUET NS-T3 570","7560"
"РАДИАТОР PURMO DELTA","11750"
"РАДИАТОР PURMO DELTA 2057","16550"
"РАДИАТОР PURMO DELTA 2150","51230"
"РАДИАТОР PURMO DELTA 2180","67590"
"РАДИАТОР PURMO DELTA 3030","20080"
"РАДИАТОР PURMO DELTA 3057","18140"
"РАДИАТОР PURMO DELTA 3180","67980"
"РАДИАТОР ROYAL THERMO INSIGNIA","11200"
"РАДИАТОР ROYAL THERMO SHIFT Q30","18400"
"РАДИАТОР ROYAL THERMO SHIFT R22","18150"
"РАДИАТОР ZEHNDER CHARLESTON","7590"
"РАДИАТОР ZEHNDER CHARLESTON 2030","8240"
"РАДИАТОР ZEHNDER CHARLESTON 2056","9070"
"РАДИАТОР ZEHNDER CHARLESTON 2150","15370"
"РАДИАТОР ZEHNDER CHARLESTON 2180","16760"
"РАДИАТОР ZEHNDER CHARLESTON 3056","10270"
"РАДИАТОР ZEHNDER CHARLESTON 3180","24990"
"РАДИАТОР КЗТО BATARIA","4050"
"РАДИАТОР КЗТО ГАРМОНИЯ 1, 2","13790"
"РАДИАТОР КЗТО ГАРМОНИЯ C25","9850"
"РАДИАТОР КЗТО ГАРМОНИЯ C40","12470"
"РАДИАТОР КЗТО ГАРМОНИЯ А20","4260"
"РАДИАТОР КЗТО ГАРМОНИЯ А25","9850"
"РАДИАТОР КЗТО ГАРМОНИЯ А40","12470"
"РАДИАТОР КЗТО ПАРАЛЛЕЛИ","5990"
"РАДИАТОР КЗТО РС, РСК","5020"
"РАДИАТОР КЗТО СОЛО","4660"
